"spp1","spp2","spp3","spp4","spp5","spp6","spp7","spp8","spp9","spp10","spp11","spp12","spp13","spp14","spp15","spp16","spp17","spp18","spp19","spp20","spp21","spp22","spp23","spp24","spp25","spp26","spp27","spp28","spp29","spp30","spp31","spp32","spp33","spp34","spp35","spp36","spp37","spp38","spp39","spp40","spp41","spp42","spp43","spp44","spp45","spp46","spp47","spp48","spp49","spp50","spp51","spp52","spp53","spp54","spp55","spp56","spp57","spp58","spp59","spp60","spp61","spp62","spp63","spp64","spp65","spp66","spp67","spp68","spp69","spp70","spp71","spp72","spp73","spp74","spp75","spp76","spp77","spp78","spp79","spp80","spp81","spp82","spp83","spp84","spp85","spp86","spp87","spp88","spp89","spp90","spp91","spp92","spp93","spp94","spp95","spp96","spp97","spp98","spp99","spp100","const","x1.1","x1.2","x1.3","x2.1","x2.2","x2.3","RAWx1","RAWx2"
0,0,0,1,0,1,1,1,0,1,1,0,1,1,1,1,0,0,1,0,0,1,1,0,0,0,1,0,0,1,1,0,1,0,0,1,1,0,1,0,0,1,0,1,1,0,0,0,1,0,0,1,0,1,0,0,0,0,0,1,0,0,1,1,1,1,0,0,0,1,0,1,1,0,1,0,1,0,0,0,1,0,0,0,1,0,0,1,1,0,1,0,1,0,0,1,1,1,1,1,1,-0.00317123040836132,-0.0865289383728148,0.00917797372959886,0.0597772664916458,-0.0323779273746931,-0.0937645480674516,-0.411039358004928,4.26417438313365
0,1,1,1,0,0,0,0,1,1,0,0,1,1,1,0,0,1,1,1,1,0,1,0,0,0,1,1,0,1,0,1,1,0,0,0,0,1,0,1,0,0,1,0,1,1,0,0,0,0,1,1,0,0,0,1,1,0,0,0,0,0,0,0,0,0,0,1,1,1,1,1,0,1,0,1,0,0,0,0,1,1,0,1,1,0,1,1,1,1,1,1,1,1,0,1,1,1,0,1,1,0.108176640477448,0.0634064034245071,-0.0221104620040991,-0.105086506132077,0.0424760926536733,0.0469486937086913,7.30836448259652,-7.48996162321419
1,0,0,1,0,0,0,1,1,1,1,0,0,0,1,0,1,1,0,1,0,0,0,0,1,0,0,1,0,1,0,1,1,0,0,1,1,0,0,1,0,0,0,1,1,1,0,0,0,1,1,1,0,0,0,1,1,0,1,1,0,0,1,0,0,1,0,1,1,1,1,1,0,0,0,1,0,0,1,0,1,1,0,1,1,1,1,1,0,1,1,0,1,1,1,1,1,0,1,1,1,0.0829816567802799,0.00124429898362269,-0.089658307657902,0.0212238311189044,-0.0811330375042753,-0.0452698456097989,5.56167411152273,1.51546667329967
0,0,0,0,0,1,1,1,0,1,1,0,1,0,1,0,0,1,1,1,1,0,0,0,0,0,1,0,0,1,1,1,0,0,1,1,1,0,1,1,0,0,0,1,1,1,0,0,0,1,1,1,0,0,0,1,1,0,0,1,0,0,1,0,0,1,0,1,1,1,1,1,1,0,0,1,1,0,1,0,0,0,1,1,1,1,0,0,1,1,1,0,0,0,0,1,0,1,1,1,1,0.0139027807237563,-0.0844763486012743,-0.0303026975937281,0.068157554681752,-0.0164284206191194,-0.0915813808294082,0.772649077698588,4.8616558406502
1,0,0,1,0,0,1,1,1,0,1,0,0,1,1,0,1,1,1,1,1,0,1,1,0,0,0,1,0,1,0,0,1,0,1,1,1,1,0,1,1,0,0,1,1,0,0,0,0,1,1,0,0,0,0,1,1,1,0,0,0,0,1,0,0,1,0,0,1,1,0,0,0,1,1,1,0,0,1,0,0,0,0,0,1,1,0,0,0,1,1,1,1,0,0,0,1,1,1,1,1,-0.0140701007312898,-0.083873328808993,0.0340247732754068,-0.0214222001649253,-0.0879464813617916,0.056741975495664,-1.16662436164916,-1.52502696495503
1,0,0,0,1,0,1,0,1,0,1,0,1,1,0,0,0,1,1,1,1,1,1,0,0,1,0,0,0,0,0,0,1,0,1,1,1,0,0,1,0,0,0,0,1,0,1,0,0,0,1,0,0,0,0,1,0,0,0,0,0,1,1,1,1,1,0,0,1,1,1,1,1,0,1,1,0,0,1,0,1,1,0,1,1,1,0,0,1,0,1,0,1,0,0,0,0,1,1,0,1,0.0355858295182696,-0.0709379707663799,-0.0736667363877991,-0.0834454364380905,-0.00952309755174912,0.104976546421437,2.27586785331368,-5.94703880604357
1,0,1,0,1,1,1,0,1,0,1,0,1,1,1,1,1,0,1,1,1,0,1,0,0,1,1,1,0,0,0,0,1,0,1,0,1,0,1,1,0,0,0,0,1,0,0,0,1,1,1,1,0,0,0,1,0,0,0,0,1,0,0,0,0,1,0,0,1,1,1,0,0,1,1,0,0,0,0,0,1,0,0,1,0,0,1,0,1,0,1,1,0,0,1,0,1,0,1,1,1,-0.010241042134917,-0.0851584549198866,0.0254483836187946,-0.0325373668654532,-0.0815915334077195,0.0803563946664957,-0.901167560368776,-2.31749446131289
0,1,0,0,0,0,0,1,1,1,0,1,1,1,1,0,0,1,0,0,0,1,1,0,0,0,0,1,0,0,0,1,1,0,1,1,1,0,0,0,0,1,0,0,1,1,0,0,0,1,1,0,0,0,1,1,1,1,0,0,1,1,0,0,0,1,0,0,1,1,0,0,0,0,0,1,0,0,1,1,1,1,1,1,0,0,0,1,1,1,0,0,1,0,0,1,0,1,1,1,1,0.0953396730327906,0.0296708961266422,-0.0648839201048478,0.0863064164758796,0.0246639957170531,-0.0648464784702598,6.41841719392687,6.15559802390635
0,1,1,0,1,0,1,1,1,1,1,1,1,1,0,1,0,0,0,1,1,0,1,1,1,1,0,1,1,1,1,1,1,0,1,1,1,1,1,0,1,1,1,1,1,0,0,1,0,1,0,0,0,1,0,1,1,0,0,0,0,1,1,0,0,0,0,0,1,0,0,1,0,0,1,0,1,0,0,0,1,0,0,1,1,0,1,0,1,0,1,1,0,1,1,0,0,1,0,1,1,-0.0416022754928782,-0.0634010309066777,0.0846487709338761,-0.0857541483104849,-0.00458302034412282,0.101220587034547,-3.07534496765584,-6.11164084635675
0,1,0,0,0,1,1,0,1,1,0,0,0,1,0,1,0,1,1,0,1,0,1,0,1,0,0,1,0,1,1,1,1,1,0,1,1,0,1,0,1,0,0,1,1,1,0,0,1,1,1,1,0,1,0,1,1,0,0,0,0,0,0,0,0,1,1,0,1,1,1,1,0,0,1,0,1,0,0,0,1,1,1,1,1,0,1,0,1,0,0,1,1,1,1,1,1,0,0,1,1,0.134315768485753,0.145352695550032,0.12837563691186,0.0733662813596859,-0.00555199262059038,-0.0871771720186514,9.12050946149975,5.23301748558879
1,1,1,0,1,0,0,0,1,1,1,0,0,1,1,0,0,1,1,1,1,1,1,0,0,0,0,0,0,0,0,0,0,0,1,1,1,1,0,1,0,1,1,0,1,0,0,0,1,1,1,1,0,1,1,1,0,1,0,0,0,1,1,0,0,1,0,0,0,1,0,0,1,1,1,1,0,0,0,1,0,1,0,1,0,0,1,0,1,0,1,0,0,0,1,0,0,1,1,1,1,0.0843923893758028,0.00428845031561459,-0.0875755499046988,0.123351261305461,0.136360961576215,0.109854407507224,5.65947584342211,8.79674918483943
1,0,0,1,0,0,1,0,1,1,1,0,1,0,0,0,0,1,1,1,0,0,0,1,0,0,0,0,0,0,0,1,1,0,1,1,0,0,0,1,0,0,0,1,0,1,0,0,1,0,1,0,0,0,0,1,1,0,0,1,1,0,1,1,0,0,0,1,1,0,0,0,1,0,1,1,1,0,1,1,1,1,0,1,1,0,0,1,1,1,0,0,1,0,0,0,1,1,0,1,1,-0.0556787003246591,-0.0453152252081857,0.0980963589816628,0.0933866348841314,0.0431254351282515,-0.0450200649627702,-4.05122000724077,6.6603896394372
1,0,0,0,0,0,1,1,1,0,1,0,0,1,1,0,0,1,1,1,1,0,0,0,1,0,0,0,1,1,1,0,0,1,1,0,0,0,0,0,0,0,0,0,1,1,0,0,0,1,1,0,1,1,0,1,1,0,0,0,0,1,1,0,0,1,1,1,1,1,1,0,1,1,0,0,1,1,0,1,1,0,1,1,0,0,0,1,0,1,0,0,1,1,1,1,1,1,0,1,1,-0.118079888614038,0.0969385334543954,-0.035826939209444,-0.0325408179136693,-0.0815890382219757,0.0803631121856702,-8.37730158120394,-2.31774050742388
0,1,1,1,0,0,0,1,1,1,0,0,1,1,1,1,0,1,1,0,1,1,0,1,0,1,1,0,0,1,0,0,1,0,0,1,1,0,0,0,0,0,0,1,0,1,1,0,1,1,1,0,1,1,0,0,1,1,1,0,1,0,1,0,0,0,0,0,1,0,0,0,1,0,0,0,0,0,1,0,1,0,1,1,0,0,1,1,1,1,1,0,1,1,1,1,1,1,1,1,1,0.104368512586108,0.052951396092087,-0.0367473368739178,-0.118998272188891,0.0826331348982475,-0.0207071421870656,7.04435874242336,-8.48181561101228
0,0,0,1,0,0,1,1,1,1,0,0,0,1,0,0,0,0,0,1,1,0,1,0,0,0,1,1,0,1,1,0,1,0,0,0,0,0,0,1,1,1,0,0,1,1,0,0,0,1,1,1,0,1,0,1,1,0,0,0,1,1,0,1,0,1,0,1,1,0,1,1,0,1,1,0,0,0,0,1,0,1,1,1,1,0,0,0,0,0,1,0,1,1,0,0,0,1,0,1,1,-0.0970188200148943,0.0376005713585715,0.0536467534256136,0.13420484497808,0.176160124041464,0.198629770410924,-6.91720277070999,9.57056684419513
1,1,0,1,1,0,0,1,1,0,0,0,1,1,1,0,0,1,1,1,1,1,1,0,0,0,0,1,0,0,0,0,1,0,0,1,1,0,1,0,0,0,0,1,1,1,0,0,1,1,1,0,0,0,0,0,1,0,0,1,0,0,1,0,0,1,0,0,1,1,1,0,1,1,1,1,1,0,0,0,1,1,0,0,1,0,1,0,0,1,1,1,0,0,1,0,1,1,1,1,1,0.0317166508657805,-0.0742503831126331,-0.0669310926728475,-0.0102682049592288,-0.0909438983591967,0.0302037107415707,2.0076296525076,-0.729791149497032
1,0,0,0,0,0,1,0,1,1,1,0,0,1,0,1,0,1,1,1,1,0,0,1,1,0,1,0,1,1,0,0,1,0,1,0,0,1,0,0,0,0,0,1,1,1,0,1,1,1,0,0,0,1,0,1,1,0,0,0,0,1,0,0,0,1,1,0,1,1,0,0,0,1,1,0,1,0,1,0,1,0,0,1,1,0,1,1,0,1,1,1,0,1,0,1,1,1,0,0,1,0.0289382137415685,-0.0763887483315915,-0.0617740685418243,0.127912488115262,0.152696070386882,0.144841969747018,1.81500919163227,9.12194664590061
1,1,1,1,0,0,0,1,1,1,1,0,0,0,1,0,0,0,1,0,1,0,0,0,1,0,0,1,0,1,1,0,1,1,1,0,1,0,0,1,0,1,1,0,1,0,1,1,0,1,1,0,1,0,0,1,1,1,0,0,0,1,0,0,0,0,0,0,1,1,1,1,0,1,1,0,1,0,0,0,1,0,1,1,1,0,0,1,1,1,1,1,1,1,0,1,1,0,0,1,1,-0.0378751928003059,-0.0673265367984549,0.0793859384367225,0.0777908007314955,0.00426686379039469,-0.0814435075169701,-2.81695784069598,5.54846824612468
0,1,0,1,1,1,0,1,1,0,1,0,1,1,0,1,0,1,1,1,0,0,0,1,0,0,1,0,0,0,0,0,1,0,1,1,1,0,0,1,1,1,0,0,1,1,0,0,0,0,1,1,0,0,0,1,1,0,0,0,0,0,0,0,0,0,0,0,1,1,1,0,0,1,0,1,0,0,1,1,0,1,1,0,1,1,0,1,1,1,1,0,1,0,1,0,0,1,1,1,1,0.0746672812846824,-0.0156450697192953,-0.0983413986089763,0.0556811792990678,-0.03947831697031,-0.0928169654822023,4.98526414856315,3.97213954012841
1,0,0,0,0,1,0,1,1,0,0,0,0,1,0,0,1,1,1,1,1,0,0,0,0,0,0,0,0,0,0,1,1,0,0,1,1,0,1,0,0,0,0,1,0,0,0,0,0,1,1,1,0,1,0,1,1,0,0,1,0,0,1,1,0,0,1,1,1,0,1,1,1,0,1,0,1,0,1,0,1,1,0,1,1,1,1,0,1,1,1,0,1,1,0,0,1,1,1,1,1,-0.0683191085045978,-0.0246814408510984,0.0995984734731814,0.0129527118667792,-0.086323090726474,-0.0267241661265968,-4.92754044942558,0.925768529996276
1,1,0,0,1,0,1,0,1,0,1,0,0,1,1,1,0,1,1,0,1,0,1,1,0,0,1,1,1,1,0,0,1,0,0,0,1,0,1,0,1,1,0,0,1,1,0,0,1,0,1,0,0,0,1,1,1,0,0,0,1,0,1,1,0,1,0,0,1,1,1,0,0,1,1,0,0,0,0,0,1,1,1,1,1,1,1,1,0,0,1,1,1,0,1,1,1,0,1,1,1,-0.0509018649225864,-0.0520305015939537,0.0947800286741864,0.00971990192313683,-0.0878456224814656,-0.0190757056905955,-3.72005676850677,0.695281946100295
1,1,1,0,0,1,1,1,1,0,1,1,0,1,1,0,1,0,1,0,1,0,0,1,1,0,0,1,0,0,1,0,0,1,1,0,1,0,0,0,0,1,0,1,1,0,0,0,1,1,1,1,0,1,0,1,1,0,1,1,0,1,0,0,0,0,0,1,1,0,0,1,0,1,1,0,1,0,1,0,1,0,1,1,0,0,0,0,1,1,0,0,1,1,0,0,0,0,1,1,1,0.141250134108655,0.170075309894723,0.184523381432687,0.121717789620715,0.130648696757005,0.0981167624149844,9.60124760400504,8.68028910364956
0,0,0,0,0,0,1,1,1,1,1,0,0,1,1,0,1,1,1,0,1,0,0,0,0,0,1,0,0,1,0,1,1,0,1,1,1,0,1,0,0,0,0,1,1,1,1,0,1,0,0,0,0,0,0,0,1,0,0,1,0,0,0,0,0,1,0,0,1,1,0,1,1,1,1,0,1,0,1,0,0,1,1,1,1,1,1,1,1,1,1,0,1,0,0,0,1,1,1,1,1,0.0640522737539366,-0.0345940105232793,-0.101260272627254,0.0431009188612273,-0.0584310986584749,-0.0827148598629498,4.24935847520828,3.07521664537489
0,0,0,0,0,0,1,1,0,1,0,0,0,1,0,0,0,1,1,1,1,0,1,1,0,0,1,0,0,1,0,1,1,0,1,0,1,0,1,1,0,1,0,1,1,1,0,0,1,1,1,0,0,0,0,1,1,0,0,0,1,1,0,1,1,0,0,0,0,1,1,0,1,1,1,0,1,0,1,0,1,1,0,1,1,1,1,1,1,0,0,1,1,1,1,0,1,0,1,1,1,0.0237973086165211,-0.0798157401777741,-0.0516154719932414,-0.0247598496589477,-0.0863914320234373,0.0642070278798939,1.45860612392426,-1.76298819482327
1,0,0,1,0,0,1,1,0,1,0,0,0,1,1,0,1,0,1,1,1,1,1,0,0,1,1,1,0,1,0,1,1,0,0,1,1,0,0,1,1,0,0,0,1,1,0,0,1,0,1,0,0,1,0,1,1,0,1,1,1,0,1,0,1,1,0,0,1,1,1,1,0,1,1,0,0,0,1,0,1,0,0,1,1,1,1,1,0,1,1,0,1,1,0,0,1,0,0,1,1,0.0103661799202456,-0.0855242940136562,-0.0222865381402949,0.0991932135054801,0.0592840532224138,-0.0243472791485729,0.527467471547425,7.07437576726079
1,1,0,0,0,0,0,1,1,1,0,0,1,1,0,0,0,0,1,1,1,0,0,1,0,0,1,0,1,1,1,0,1,0,0,1,1,1,1,1,1,1,1,1,1,1,0,0,0,1,1,0,0,1,0,1,1,0,0,0,1,0,1,1,0,1,0,1,0,0,1,1,1,1,0,0,0,0,1,0,0,0,1,0,1,0,0,0,1,0,1,0,0,1,0,0,1,1,1,1,1,0.0790702599836538,-0.00692512332204033,-0.0944911793590432,0.0520257821724578,-0.0454292514294239,-0.0909481052940666,5.29050905723125,3.7115241587162
0,0,0,0,0,0,1,1,1,1,1,0,1,0,1,0,0,1,1,1,0,1,1,1,0,0,0,0,0,0,0,1,1,0,1,1,0,1,0,0,1,1,0,1,1,1,0,0,1,0,0,1,0,0,0,1,1,0,0,1,1,1,0,1,1,0,0,1,0,1,1,0,1,0,1,0,1,0,1,0,0,1,0,1,1,0,1,1,1,0,1,0,1,0,1,0,1,1,1,0,1,-0.115947112554011,0.0904044609402945,-0.0242614657356409,0.0136010408930387,-0.0859835146376774,-0.0282349258201331,-8.22944280691445,0.971991829574108
0,0,1,1,0,1,1,0,1,1,1,0,1,0,1,0,0,0,1,1,1,0,1,0,1,0,1,1,0,1,1,0,1,0,0,0,1,1,1,1,0,1,1,1,0,0,1,1,1,1,1,1,0,1,0,1,1,0,0,1,0,0,0,1,0,0,0,0,1,1,0,1,0,1,1,0,0,1,1,0,1,1,0,1,1,1,1,0,0,1,0,1,1,0,1,0,1,1,0,0,1,-0.00872016569483371,-0.0855630561555019,0.0219875417011058,-0.118224336123965,0.0802607787156169,-0.01624677109869,-0.795729896053672,-8.42663702555001
1,0,1,1,1,0,0,1,1,1,0,0,1,1,0,0,1,1,1,1,0,1,0,1,1,0,1,0,0,1,0,0,1,0,0,1,1,0,0,1,0,0,0,1,1,0,0,0,1,1,0,0,0,0,0,1,1,1,0,1,1,0,1,1,0,1,0,0,1,1,0,1,0,1,0,1,1,0,1,0,1,1,1,0,1,1,0,0,1,1,1,0,1,0,0,0,1,1,0,1,1,-0.0249269147199814,-0.0781554674683325,0.0567968111240933,-0.00243512076890805,-0.0910252203110998,0.0107842160161486,-1.91929372958839,-0.171323176473379
0,1,0,0,0,0,1,1,1,0,1,0,1,0,1,1,0,0,1,1,1,0,1,0,1,1,0,0,1,1,1,0,1,1,0,1,1,1,1,0,0,1,0,1,0,0,0,0,0,1,0,1,0,1,0,1,1,0,0,0,0,1,1,0,0,1,1,0,1,0,0,0,0,1,1,0,1,0,0,1,1,0,1,1,1,0,1,1,0,1,0,0,0,1,1,0,1,1,0,1,1,-0.0231038553694741,-0.0793298345524394,0.0531719324243641,-0.108276974539581,0.0512201221713008,0.0337062622676468,-1.79290665779263,-7.71742942277342
1,0,0,0,0,0,1,0,1,1,1,0,1,1,1,0,0,1,1,0,1,0,1,0,0,1,1,1,0,0,1,1,1,0,1,0,1,0,0,1,0,1,1,1,1,0,0,1,1,1,1,0,1,1,0,1,1,1,0,1,0,1,0,1,1,1,1,1,1,1,1,1,1,1,0,0,1,0,0,1,1,0,0,1,1,0,1,0,1,0,1,1,0,1,0,1,0,1,0,1,1,-0.110303198013075,0.07368444217056,0.00351236668791301,-0.0235803678148996,-0.0869756019168961,0.0616009852266036,-7.83816765062511,-1.67889579664916
1,1,0,1,0,0,0,1,1,0,1,0,1,1,1,1,0,0,1,0,1,0,1,0,0,0,0,0,0,1,0,0,0,0,0,0,1,0,1,0,0,0,0,0,1,1,0,0,1,0,0,0,0,0,0,1,1,0,0,1,1,0,0,1,0,1,0,0,1,1,0,1,0,1,1,1,0,0,0,0,1,0,1,0,1,0,1,0,0,0,0,0,0,1,0,1,1,1,1,1,1,0.105064205687873,0.0548332169314029,-0.0341999675853034,-0.118831910019895,0.0821218074873926,-0.0197411493267841,7.09258899558336,-8.46995464526117
1,1,0,0,1,1,1,1,1,0,1,0,0,1,1,1,0,1,1,1,1,1,1,0,0,1,1,0,0,1,0,0,1,0,1,1,1,1,0,1,0,0,0,1,0,0,0,0,0,1,1,0,0,0,1,1,1,1,0,0,0,1,1,0,0,1,0,0,1,0,0,0,0,0,1,0,1,0,1,0,0,1,1,1,0,1,1,0,0,0,1,0,1,0,1,0,0,1,0,1,1,-0.12124902047763,0.106866203372108,-0.0541304627021562,-0.0863000692215425,-0.00339367899307129,0.100253450760365,-8.59700770117342,-6.15056285168976
0,0,0,0,1,1,0,1,1,0,0,1,1,1,1,0,0,1,0,1,1,0,1,1,0,0,0,0,0,0,1,0,1,0,1,1,1,0,0,1,1,0,0,1,0,1,0,0,1,1,1,0,0,0,1,1,1,0,0,1,1,0,1,1,0,0,0,0,1,1,1,0,1,1,1,0,1,0,1,1,1,0,0,0,1,1,1,0,1,1,1,0,1,1,1,1,1,1,0,1,1,0.0861977736982645,0.00825973120013452,-0.0846397686390594,-0.130457557277381,0.119666848033335,-0.0970829447774275,5.78463756013662,-9.29881738964468
0,0,0,1,0,0,0,1,0,0,1,0,0,1,1,1,0,1,1,1,0,0,1,0,0,0,1,0,0,1,0,1,1,0,1,1,1,0,0,1,1,0,1,1,0,0,0,0,1,0,1,0,1,0,0,1,0,0,1,1,0,0,1,1,1,0,0,0,0,1,1,1,0,0,1,1,1,0,0,0,1,0,1,1,1,0,1,0,1,0,1,0,1,1,1,0,1,0,1,1,1,0.144866632798811,0.183465318309704,0.216765932957563,0.025098846336399,-0.0780610884726282,-0.0533039897935714,9.85196828376502,1.79173995740712
0,0,0,0,0,0,0,0,1,1,0,0,1,0,0,0,0,1,1,1,1,0,0,1,0,0,0,0,1,1,1,1,1,0,1,1,0,0,0,1,0,1,1,1,1,1,0,0,1,1,0,0,0,1,0,1,1,0,0,0,0,1,0,0,0,1,1,1,1,1,0,1,0,1,1,0,0,0,1,1,1,0,1,1,1,1,0,1,0,1,1,1,0,1,0,0,1,1,0,1,1,0.127878453321869,0.123521895605513,0.0826574767561355,0.114054575274632,0.104819732953612,0.0484256747775776,8.67423029150814,8.13393217977136
1,1,0,0,1,0,1,1,1,0,0,1,0,1,0,0,0,1,1,1,1,0,0,0,1,1,0,1,0,1,0,1,1,0,0,1,1,0,1,0,1,0,1,1,1,1,0,0,0,0,1,0,0,0,1,1,1,0,0,1,1,1,1,1,0,0,0,0,1,1,0,0,1,0,0,1,1,0,0,0,0,1,0,1,0,1,0,0,1,0,1,0,0,0,0,0,1,1,1,0,1,0.0747914393846153,-0.0154060895145837,-0.0982550937328443,-0.0170084139331939,-0.0895373921302226,0.0464859304368855,4.99387164600194,-1.21034143492579
1,0,0,1,0,0,1,1,1,1,1,1,0,0,0,0,0,0,0,1,1,0,1,0,1,0,0,1,0,0,1,1,1,1,1,1,1,0,0,0,0,1,1,1,1,0,1,0,1,1,1,0,0,1,1,1,0,1,0,0,0,1,1,1,0,1,0,0,0,0,0,1,0,1,1,0,1,0,0,0,1,0,0,1,1,1,0,0,1,1,1,0,0,1,1,1,0,1,0,1,1,0.019474988021899,-0.0821649783648729,-0.0425479415944868,0.037985042871331,-0.0649066005974023,-0.0759081563105907,1.15895299240947,2.7104748878628
1,1,1,0,1,0,0,1,1,1,1,1,0,1,1,1,1,1,0,1,0,1,0,1,0,0,0,0,0,1,1,0,1,0,0,0,1,0,0,1,0,0,0,0,1,0,0,0,0,1,1,0,0,0,0,1,1,0,0,1,0,1,1,0,0,1,0,0,0,1,0,0,0,1,1,0,1,0,1,0,1,1,1,1,1,1,1,0,1,1,0,0,1,0,0,1,1,1,1,1,1,0.0378767594747914,-0.0687931242123564,-0.0773868065721362,0.0949460591232413,0.0473749022991981,-0.0398704795249202,2.43469094857574,6.77157043013722
1,0,1,1,0,1,1,1,1,1,1,0,1,1,0,1,0,0,1,1,1,1,0,0,0,0,0,0,0,0,0,1,1,0,0,1,1,0,0,0,0,0,0,1,1,1,0,0,1,1,1,0,0,1,1,1,1,0,0,0,1,0,0,1,0,0,0,1,0,1,1,0,0,1,0,0,1,0,1,0,1,1,1,1,1,0,1,0,0,1,1,0,1,0,1,1,0,1,1,1,1,-0.123018054397449,0.112521542170954,-0.0649404562481815,0.0490371379722162,-0.0500245409333689,-0.088746829329638,-8.71964935678989,3.4984456282109
1,0,0,0,0,0,1,1,1,1,1,0,1,1,1,1,1,0,1,0,0,0,0,1,0,1,0,0,0,1,0,1,0,0,1,0,1,0,1,1,0,0,1,1,1,0,0,0,0,0,0,0,0,0,0,1,1,0,0,0,1,1,1,0,0,0,0,0,1,1,0,0,0,1,0,1,0,0,0,0,1,1,1,0,1,0,1,0,1,0,1,0,1,0,0,1,0,0,1,1,1,-0.116958909926973,0.0934894967827719,-0.029673596929227,-0.120522199969385,0.0873520974376179,-0.0297408727370722,-8.29958759248257,-8.59046564437449
1,1,0,1,1,0,1,1,1,0,1,0,1,1,0,0,1,1,1,1,0,1,1,1,0,1,1,0,0,0,0,1,1,1,1,0,1,0,1,1,0,0,0,1,1,0,0,0,0,1,1,1,0,0,1,0,1,0,1,0,1,0,1,1,0,1,0,0,1,1,0,1,0,1,0,1,1,0,0,0,1,0,1,1,1,1,1,0,0,1,1,0,1,0,1,0,1,1,1,1,1,0.0402372098559583,-0.0664403688477024,-0.0809938165060184,-0.0263209341737239,-0.0855600509473441,0.067598114886486,2.59833368007094,-1.87428735662252
1,0,0,1,0,0,0,1,1,0,0,0,1,1,1,1,0,1,1,1,0,0,0,0,0,0,0,0,0,1,0,0,0,0,0,0,0,0,0,1,0,0,0,0,0,0,0,0,1,0,0,0,1,0,0,0,1,1,0,0,1,1,1,0,0,1,0,1,0,1,1,1,0,0,1,0,0,0,1,0,1,1,0,1,1,1,0,1,1,0,1,0,1,0,0,0,0,0,0,1,1,-0.126819621901513,0.124950063587779,-0.0896420979891471,-0.139719191048446,0.152209494685981,-0.173804134935004,-8.98320028558373,-9.95913530699909
1,0,1,0,0,1,1,1,1,0,0,0,0,1,0,1,0,1,1,1,0,0,1,1,0,0,0,0,0,1,1,0,1,0,1,0,0,0,1,0,0,0,1,1,1,1,0,1,0,0,1,0,0,0,0,1,0,0,0,0,1,0,1,1,0,0,0,0,0,0,1,1,1,1,1,1,1,0,0,0,1,1,0,0,0,0,1,1,1,0,1,0,0,0,0,1,1,0,1,1,1,0.0123598394987923,-0.0849735586247083,-0.026824682891702,0.0267695621452318,-0.0766105460277702,-0.0566128038071388,0.665681730024517,1.91085539758205
1,1,1,1,0,1,1,1,1,1,1,0,0,1,1,0,0,1,1,0,1,0,1,0,1,0,0,0,0,1,1,0,0,0,1,0,1,0,0,1,1,1,0,1,1,1,0,0,1,1,1,0,0,1,1,1,1,0,0,1,0,1,0,0,0,1,1,0,1,1,1,1,0,1,1,0,1,0,0,0,1,0,0,1,1,0,1,0,1,0,1,1,1,0,0,1,1,1,0,1,1,-0.0377592857962415,-0.067442820256221,0.0792123277908687,-0.0899513359062511,0.00476947854352218,0.09298767541885,-2.80892236623913,-6.41088374890387
1,0,0,0,0,0,1,0,1,0,0,0,1,1,0,1,1,1,1,1,1,0,1,0,0,0,0,0,0,1,0,1,1,0,1,0,1,1,0,1,1,0,0,1,1,0,0,0,0,1,1,1,0,0,0,1,1,0,0,0,1,0,0,1,1,0,0,0,0,1,1,1,1,1,1,0,1,0,1,0,1,1,0,0,1,1,1,0,1,1,1,0,0,0,1,1,1,1,1,1,1,0.0896359219430614,0.0160570941447761,-0.0781871410682844,-0.0291906707631485,-0.0838587146993656,0.0736446237593665,6.02299375459552,-2.07888824399561
1,1,0,1,0,0,0,1,1,1,1,0,1,1,1,1,0,1,1,1,0,0,0,1,0,0,1,0,0,0,0,0,1,1,1,1,0,0,0,1,1,0,0,1,1,1,0,0,1,1,1,0,0,1,0,0,1,0,0,0,1,0,1,0,0,0,0,0,0,1,1,1,1,1,1,0,0,0,1,0,1,0,0,1,1,1,1,1,0,1,1,1,1,1,0,1,1,1,0,1,1,0.113868083670752,0.0797352540670693,0.00301437123487132,0.108009560950971,0.0855724590770205,0.015218107461508,7.70293465349823,7.70294652786106
1,1,1,0,1,1,1,1,1,1,1,0,1,1,0,0,0,0,1,1,0,0,1,1,0,0,0,0,0,0,1,0,1,0,1,1,1,0,0,1,0,1,1,0,1,0,0,0,1,0,1,0,0,0,1,1,0,0,0,0,0,1,0,0,1,1,0,1,1,1,1,0,0,1,0,0,1,0,1,0,0,0,1,1,1,0,1,1,1,1,1,1,1,0,1,1,1,1,1,1,1,0.0339376074777083,-0.0723966354165054,-0.0708642960515974,-0.137176494998064,0.143042754368728,-0.151342627422766,2.1616017119959,-9.77785111870617
0,1,1,1,0,0,0,1,1,0,1,0,1,1,0,1,1,1,1,1,0,1,1,1,0,0,0,0,0,0,0,1,1,0,1,1,0,0,1,1,0,0,0,1,1,1,0,0,1,0,1,1,0,0,0,1,1,0,0,1,0,1,0,0,0,1,0,1,1,0,1,1,1,1,0,0,1,0,0,0,1,1,1,1,1,0,1,1,1,0,1,0,0,1,0,0,0,1,1,1,1,-0.0667158391216008,-0.0275287511657606,0.100044550024352,-0.12389786951491,0.0980301686994554,-0.050956287893671,-4.81639073695987,-8.83113755378872
1,1,0,1,0,1,1,0,1,0,1,0,0,1,0,0,1,1,0,1,1,1,1,0,0,0,1,1,1,1,1,0,1,1,1,0,1,0,0,0,1,0,1,1,1,0,0,0,1,1,0,0,0,1,0,1,1,0,0,1,0,1,1,0,1,1,1,1,1,0,1,1,0,1,1,0,1,0,0,1,1,0,1,1,1,0,1,0,1,0,0,1,1,1,1,1,1,0,0,1,1,-0.135895624775505,0.156142730967557,-0.157054978575806,0.110274157234999,0.0926664270197576,0.0270596088111861,-9.61241152137518,7.86440330091864
1,0,0,1,1,0,1,1,0,0,0,0,0,1,0,0,1,1,1,0,0,0,0,1,0,0,1,0,0,1,1,0,1,0,1,1,1,0,1,0,1,0,0,1,1,0,0,0,1,1,1,1,0,0,1,1,1,0,0,0,1,1,0,0,0,0,0,1,1,0,1,1,1,0,0,0,1,0,1,0,1,0,1,0,1,0,1,1,0,0,1,1,0,0,0,0,1,1,1,1,1,-0.0535515283009915,-0.0483789220516108,0.0967903084719594,0.0203437443299561,-0.0817737912323798,-0.0433806026333177,-3.90374974347651,1.45271996036172
0,1,0,0,0,1,1,1,1,0,1,0,0,1,0,0,0,0,1,1,1,0,0,1,1,0,0,1,1,1,1,0,1,0,1,1,1,0,0,1,0,0,0,1,1,0,0,0,0,1,0,1,0,1,0,1,1,0,0,0,0,1,0,0,0,1,0,1,1,1,1,0,1,0,1,0,1,0,1,0,1,0,1,0,1,0,1,1,1,1,0,0,1,1,0,0,0,0,0,1,1,-0.106222739357917,0.0621123032680418,0.0211198764546375,0.119066274256885,0.121530917825271,0.0799325645221073,-7.55528206005692,8.49124652799219
1,0,1,0,0,1,1,0,1,1,1,0,1,1,1,0,0,1,1,0,1,0,0,1,1,0,0,1,1,1,1,0,0,0,1,1,0,0,1,0,1,1,0,1,1,1,1,0,1,1,1,1,0,1,0,1,1,0,0,0,0,0,1,0,0,1,0,0,1,1,1,1,0,1,1,0,0,0,0,0,0,0,1,1,1,1,1,0,0,1,1,1,0,1,0,0,0,1,0,0,1,-0.0622832223433341,-0.0350527819039297,0.100282496612799,0.0598481910906878,-0.0322509613296994,-0.0937698085357034,-4.50909111183137,4.2692310269922
0,1,0,1,0,0,0,1,1,1,0,0,1,1,0,1,0,1,1,0,1,0,0,1,0,0,0,0,0,1,0,1,0,0,1,1,1,0,1,0,1,0,0,1,1,0,0,0,0,0,1,0,0,0,0,1,0,0,1,1,1,0,1,1,1,0,0,1,1,1,1,1,0,0,1,1,0,0,0,1,1,1,0,1,1,1,1,1,1,1,1,0,1,0,0,0,1,0,1,0,1,0.00675760843748266,-0.0862581641392589,-0.0139726502359973,0.028142020795214,-0.0753621257586201,-0.0592550746775089,0.277296360582113,2.00870628003031
0,0,0,0,1,0,1,0,1,1,1,0,1,0,0,0,0,0,1,1,1,1,1,1,0,0,0,1,0,0,0,0,1,0,1,1,1,1,1,1,1,0,0,1,1,0,0,0,1,1,0,0,0,0,0,0,0,0,0,0,0,0,1,1,0,0,0,1,0,1,0,0,1,1,1,0,1,0,0,0,1,0,0,1,1,1,1,0,1,1,1,1,0,0,0,0,1,1,1,1,1,0.0625701860150376,-0.0370064748875619,-0.101007090735136,-0.119321051527892,0.0836273712371961,-0.022592678559185,4.14660991169512,-8.50482850335538
1,0,1,1,0,1,0,0,1,0,0,0,1,1,0,0,0,0,1,0,0,0,0,0,1,0,0,0,0,1,1,1,1,0,1,0,1,0,1,1,0,0,0,1,1,0,0,0,0,0,1,0,0,0,0,1,1,0,1,0,1,0,0,0,0,0,1,1,1,0,1,0,1,1,0,1,1,0,1,1,1,1,0,0,1,1,1,1,0,1,1,1,0,1,1,0,1,0,0,1,1,0.0608267273959246,-0.0397712321023873,-0.100516477557022,0.0897560042764324,0.0334882730379949,-0.0559010953120621,4.02574131265283,6.40154001303017
1,1,0,0,0,1,0,0,1,1,1,0,0,1,1,0,0,1,0,0,1,0,1,0,1,0,0,1,0,0,1,0,0,1,0,0,0,1,1,0,0,1,1,1,1,1,0,0,1,1,1,0,0,1,1,1,1,0,1,0,0,0,1,0,0,0,1,1,0,0,0,1,0,1,0,0,0,0,1,0,1,0,0,1,1,0,1,0,1,1,1,1,1,1,1,0,1,0,0,1,1,-0.0515907324542251,-0.0510987233798673,0.0953425600661632,0.0154640081985501,-0.0849440882663556,-0.0325275906459608,-3.76781382597983,1.10481404233724
0,0,0,0,0,1,0,0,1,1,1,0,0,1,0,1,0,1,1,1,1,0,0,0,1,1,0,0,0,1,1,0,1,1,1,0,1,0,0,1,1,1,0,1,0,1,0,0,1,1,1,1,1,1,1,1,1,0,0,0,0,1,0,0,0,1,1,0,0,0,1,1,0,0,0,1,1,0,0,0,0,0,1,1,1,0,1,0,0,1,1,1,1,1,1,0,0,1,0,1,1,0.130720692781559,0.133027834245087,0.102102887815228,0.0197275054540181,-0.082209902015085,-0.0420445455280053,8.87127397116274,1.40878456179053
1,1,0,0,0,1,0,0,1,1,1,0,0,1,1,0,0,1,1,1,1,1,1,1,0,0,0,0,0,1,0,1,1,0,0,0,1,0,1,0,0,0,0,0,1,1,0,0,1,1,1,0,0,1,1,1,1,1,0,1,0,0,0,1,0,0,0,0,1,1,1,1,1,1,1,0,0,0,0,0,1,1,0,1,0,1,1,1,1,1,1,0,1,0,0,1,0,1,0,1,1,0.0246675865403063,-0.0792839486325534,-0.0533865936136486,0.037925868935365,-0.0649773342491274,-0.0758214126642751,1.51893980335444,2.70625601988286
1,1,1,0,1,0,0,0,1,0,1,0,0,1,0,0,0,0,1,0,1,0,1,0,0,1,0,1,0,0,0,0,1,0,1,1,1,1,0,1,0,1,0,1,1,1,0,0,1,1,1,1,0,0,1,1,0,0,0,0,0,1,0,0,0,0,0,1,1,1,0,0,0,1,1,0,1,0,1,0,0,0,1,1,1,1,1,1,0,1,1,1,0,0,0,1,1,1,1,0,1,-0.127587005722521,0.127504491475833,-0.0948761214477143,-0.121702234563747,0.0910495829428655,-0.0369670013585374,-9.03640063479543,-8.67459745146334
1,1,0,1,0,0,1,0,1,1,1,0,1,1,1,0,1,1,1,1,1,0,1,1,0,0,0,1,1,0,0,0,1,0,1,1,1,0,0,1,0,1,0,1,1,1,0,0,1,1,1,0,0,0,0,1,1,1,0,0,0,1,0,0,0,0,0,1,1,1,0,1,1,1,1,1,1,0,1,0,1,1,1,1,1,0,1,0,1,0,1,1,1,0,1,0,1,0,1,0,1,-0.0583319076690057,-0.0413289095864563,0.0993236538435333,-0.134584405420041,0.133879044829284,-0.129545526136101,-4.23515867441893,-9.59304536692798
1,1,0,0,1,0,1,0,1,1,0,0,1,1,1,1,0,0,1,1,0,0,0,1,0,1,1,1,0,0,0,0,1,0,0,0,1,1,1,1,0,1,1,1,1,1,0,0,1,1,1,1,0,0,0,1,1,0,0,0,0,1,0,1,0,1,0,1,1,1,1,0,0,1,1,1,1,1,1,0,0,1,1,1,1,1,1,0,0,0,1,1,1,0,0,0,0,1,0,1,1,-0.0769811745177041,-0.00814145609403597,0.0936376420307238,-0.0439689853083446,-0.0715486233306151,0.0999121817457774,-5.52805472165346,-3.13252371735871
0,1,0,0,0,0,0,1,1,0,0,1,1,0,1,1,1,1,1,1,1,0,0,1,1,0,0,0,0,0,0,0,0,0,1,0,1,0,0,1,0,0,0,1,1,1,0,0,1,0,1,0,0,0,0,1,1,0,1,0,1,0,0,1,0,0,0,0,1,1,1,1,0,0,0,0,0,0,1,0,1,1,1,1,1,0,0,1,1,1,1,0,1,1,0,1,1,0,1,1,1,0.0956273733190442,0.030380006407703,-0.0641239754690761,-0.129063017940744,0.114969047900361,-0.0867225556758792,6.4383625658229,-9.19939224142581
1,1,0,0,0,0,1,1,1,0,0,0,0,1,0,0,1,0,1,1,1,0,0,0,1,0,1,0,0,0,0,1,1,0,0,1,0,0,0,1,0,0,0,1,0,1,0,0,1,1,0,0,0,0,0,1,1,0,0,0,1,0,0,0,0,1,0,0,1,1,0,1,1,1,1,0,1,0,1,1,0,1,1,1,0,0,1,1,1,0,0,0,1,0,0,1,1,1,1,1,1,0.115760550870814,0.0853514731190975,0.0122615727301568,-0.029934185378893,-0.0833813646705029,0.0751687733341497,7.83413355704397,-2.13189790025353
1,1,0,1,0,0,0,1,1,1,1,0,0,0,1,1,1,0,0,1,1,0,1,1,1,1,1,1,1,1,1,1,1,0,0,1,1,1,0,0,1,1,1,1,1,1,0,0,1,1,1,0,0,1,0,1,1,0,0,1,1,0,0,0,0,1,1,1,1,1,1,1,1,0,1,0,1,1,0,1,1,0,0,0,1,0,0,1,1,1,1,1,0,1,1,0,1,1,0,1,1,0.11115709682543,0.071852279287294,-0.00944904015540551,-0.0933926552466053,0.0127953620971346,0.0848315693055541,7.5149903120473,-6.65623622946441
1,1,1,1,1,0,1,1,1,1,1,0,1,1,1,1,0,0,1,1,0,0,1,0,0,0,1,1,0,0,1,0,1,0,1,1,1,0,1,1,1,0,0,0,0,0,0,0,0,0,1,0,1,0,1,0,1,0,0,0,1,1,1,0,0,0,0,0,1,1,1,1,0,0,1,0,1,0,1,0,0,1,1,1,0,1,1,0,1,1,1,0,0,0,1,1,1,1,1,0,1,-0.135979583224165,0.156441285798452,-0.157735970740551,-0.100277584872604,0.0298198360345689,0.0644997114149582,-9.61823210120201,-7.14710452593863
1,1,0,1,0,0,0,0,1,1,0,0,0,0,1,0,1,1,1,1,1,0,1,1,0,0,1,0,1,1,0,0,1,0,1,0,0,0,0,1,0,1,0,0,1,0,0,0,1,0,1,1,0,0,1,1,1,0,0,0,1,0,0,0,0,1,0,1,1,1,0,1,1,0,1,1,1,0,1,1,0,1,1,1,0,1,1,1,0,1,1,0,1,1,0,1,1,1,1,1,1,-0.116974125968453,0.0935360947604627,-0.0297560122279724,0.0483459645592138,-0.0510526708808227,-0.0881553350863802,-8.30064247362316,3.44916769303381
0,0,0,0,0,0,0,1,0,1,1,0,1,1,1,1,1,1,1,1,0,0,1,1,0,0,1,0,0,1,0,0,0,0,1,1,1,0,0,1,0,0,0,1,1,1,0,0,1,0,1,1,0,0,0,1,1,0,0,0,1,0,0,0,0,0,0,1,1,1,0,1,1,1,1,0,0,0,0,0,1,0,0,1,1,0,1,0,1,1,1,0,1,1,0,1,1,1,0,1,1,-0.0272392667221001,-0.0765415197779501,0.0612556517799866,-0.136044590567369,0.139018689618051,-0.141688905963503,-2.07960194908082,-9.69715080223978
0,0,0,1,0,1,0,1,1,1,0,0,0,0,0,1,1,0,1,1,1,0,0,1,1,0,1,1,0,0,0,0,1,0,0,0,0,0,1,0,1,0,1,1,1,1,0,1,0,1,1,1,0,1,1,1,1,0,0,1,0,0,1,0,0,1,1,1,0,0,0,1,0,1,1,0,0,0,0,1,0,0,1,1,1,0,0,0,0,1,1,0,0,1,1,1,0,0,0,1,1,0.118587579192355,0.0939147187207592,0.026931218649285,-0.0646337317908847,-0.0443695027617578,0.117207000970781,8.03012269549072,-4.60583854466677
1,0,0,1,0,0,0,0,1,0,1,0,1,1,1,1,1,1,1,0,0,0,1,0,0,0,0,0,0,1,1,0,1,0,1,1,1,0,0,1,0,0,0,1,0,1,0,0,1,0,0,0,0,0,1,1,1,0,0,0,1,0,0,0,0,1,0,1,1,1,0,1,0,0,1,0,0,0,1,1,1,0,1,1,1,0,1,0,0,1,1,0,0,1,1,0,1,1,1,1,1,0.134168651112587,0.144841740194726,0.127263160993469,0.103735680310586,0.0725645316645786,-0.00523452382130518,9.11031026858836,7.39823571406305
0,0,0,0,0,0,0,1,0,0,0,0,0,1,0,0,1,0,0,1,1,0,1,1,1,0,1,1,0,1,1,0,0,1,0,1,0,1,1,1,1,1,1,0,1,1,0,0,0,1,0,1,1,1,0,1,1,0,0,0,0,1,0,0,1,1,0,0,1,1,1,1,0,1,1,0,1,0,1,1,0,0,0,1,1,0,1,0,0,0,1,1,1,0,1,0,0,1,0,1,1,0.11121051981818,0.0720057751829198,-0.00921222634050256,0.0081237807585846,-0.0884924622233725,-0.0152373305271839,7.51869396306574,0.58148480951786
1,1,0,0,1,1,1,1,0,1,0,0,1,1,1,1,0,0,1,1,1,0,1,0,1,0,0,0,0,1,0,0,1,0,0,1,1,1,0,0,1,1,1,1,0,1,1,0,1,1,1,0,0,0,1,1,1,0,0,0,0,1,1,1,0,1,0,1,0,1,0,1,0,1,0,0,1,0,1,0,0,0,1,1,1,1,1,0,1,0,1,1,1,0,0,1,1,1,1,1,1,0.00833231296600172,-0.0859795805069227,-0.017614060197005,-0.117876032038664,0.0791984362556161,-0.0142672183335928,0.386465759947896,-8.40180431958288
1,0,0,0,1,0,1,1,1,1,1,0,1,0,1,0,0,1,1,1,1,0,1,0,0,0,1,0,0,1,0,1,1,0,1,0,1,0,1,1,0,0,0,0,1,1,0,0,1,1,0,0,1,1,0,1,1,0,1,0,1,0,1,1,0,1,1,0,1,0,0,0,0,0,1,1,1,0,1,0,1,1,0,1,1,1,1,0,1,1,1,1,1,1,0,1,1,1,1,1,1,0.125615237055418,0.116102820350977,0.0679919961696623,0.0153155177018598,-0.0850304012460327,-0.0321881996178128,8.51732850074768,1.09422725625336
1,1,0,0,0,1,0,1,1,1,1,0,1,1,1,0,1,1,1,1,1,0,0,0,0,0,0,1,0,0,0,1,1,0,0,1,1,1,1,1,1,0,0,0,0,0,0,0,0,1,1,1,0,0,0,1,1,0,0,1,0,1,0,0,0,0,0,1,1,1,0,1,0,0,1,0,1,0,0,1,0,0,1,1,1,1,0,0,0,0,1,1,1,0,1,0,1,1,0,0,1,-0.117851680568754,0.0962337307634936,-0.0345607781214528,-0.0632413225317575,-0.0465659877127768,0.116941268629911,-8.36148062255234,-4.50656526256353
1,0,1,0,0,1,1,1,1,1,1,0,1,1,0,1,1,0,1,1,1,0,1,0,1,0,0,1,1,1,0,0,0,1,0,0,1,0,0,1,0,1,1,0,0,1,1,0,1,0,1,1,0,1,0,1,1,0,0,0,0,1,1,1,0,1,0,1,1,0,1,0,0,1,1,0,1,0,1,1,0,0,0,0,1,0,1,0,1,1,1,1,0,1,1,1,1,1,1,1,1,0.0324601483482825,-0.0736441034695177,-0.0682672152516502,-0.106294706042561,0.045754785759157,0.0420868489156849,2.05917403567582,-7.57610150612891
1,1,0,0,1,0,0,0,1,0,1,0,1,1,1,1,1,0,1,0,0,0,1,1,0,0,0,1,0,1,0,0,1,0,0,0,1,0,0,1,0,0,0,1,1,0,0,0,1,1,1,1,0,0,0,1,1,0,0,0,1,1,0,0,0,0,0,0,0,1,0,1,1,1,1,1,0,0,1,1,1,1,0,1,1,1,1,1,1,1,1,1,1,0,1,1,0,1,1,1,1,-0.141066046135448,0.174870766569966,-0.201024491293619,0.129390257031861,0.158109828120259,0.156890086049433,-9.97086085844785,9.22730573453009
1,1,1,0,0,1,1,1,1,1,1,0,0,1,0,1,1,0,1,1,1,0,1,1,1,0,0,0,1,1,1,0,1,1,0,1,1,0,0,0,0,1,0,1,1,0,0,0,1,1,1,0,0,0,0,1,0,0,0,1,0,1,0,1,1,1,0,1,1,1,0,1,1,1,1,1,1,0,1,0,0,1,1,1,1,0,1,0,0,1,1,1,1,1,1,0,0,1,1,1,1,0.139254155322041,0.162830964162804,0.167607613192788,0.0274909265151717,-0.075960766909232,-0.0580103419204696,9.46287256199867,1.96228582877666
1,1,0,1,1,0,1,0,1,0,1,0,1,0,1,0,0,0,1,1,1,0,0,0,1,0,0,0,0,1,0,0,1,0,0,0,1,0,0,1,1,1,0,0,1,0,0,0,1,0,1,0,0,1,0,1,1,0,0,1,0,1,1,0,0,1,0,0,0,1,1,1,1,0,0,1,1,0,1,1,0,1,1,1,0,1,0,0,1,1,1,0,1,1,1,0,1,1,1,1,1,0.0532529581643388,-0.0508636884298551,-0.0961077024553675,0.0596505612021802,-0.0326044087987623,-0.0937541854842822,3.50067529361695,4.25514079630375
1,0,0,0,0,1,0,1,1,1,1,0,1,1,0,0,1,1,1,1,1,0,1,0,1,1,1,1,0,1,0,0,0,1,1,0,1,0,0,0,1,1,0,1,1,0,0,1,1,1,1,0,0,1,0,1,1,0,0,0,0,1,1,0,1,1,0,1,1,0,0,0,1,1,0,0,1,0,1,0,0,0,0,1,1,1,1,0,1,0,0,0,1,0,0,0,1,1,0,1,1,-0.0623565881879812,-0.0349324092265927,0.10029010202252,0.0689724810718412,-0.0147754793044428,-0.0910532336215992,-4.5141773391515,4.9197568744421
1,1,0,0,0,1,1,1,1,1,1,0,0,1,1,0,0,0,1,1,0,0,0,1,0,0,0,1,0,0,0,1,1,0,1,0,0,0,1,1,1,0,1,1,1,1,0,0,1,0,1,1,0,1,0,1,1,1,0,0,1,0,0,0,0,1,0,0,1,0,0,0,1,0,0,1,1,0,1,0,1,0,0,1,1,0,1,1,1,1,1,0,0,0,0,0,0,1,1,1,1,-0.100293222685916,0.0460683465784251,0.0431803709976977,0.0871714344670283,0.0268463497090001,-0.0627280017267936,-7.14420699048787,6.2172703910619
0,0,1,0,0,0,0,1,1,1,1,0,0,1,1,1,0,1,1,1,1,0,0,0,0,0,0,1,0,1,0,1,1,0,1,0,1,0,1,0,0,0,0,0,1,0,0,0,0,1,0,1,0,1,0,1,1,0,0,0,0,1,0,1,1,1,1,1,1,0,0,0,1,0,1,1,0,0,1,1,0,1,0,0,1,1,1,0,1,0,1,0,1,1,0,0,1,0,0,0,1,0.0130993150414011,-0.0847429926901151,-0.0284955903190418,-0.00349112754589923,-0.0911116341181725,0.013413549943609,0.716947284527123,-0.246612289920449
1,0,1,0,0,1,1,0,1,1,1,1,0,0,0,0,1,1,1,0,1,1,1,0,1,1,0,0,0,1,0,1,1,1,1,1,0,1,0,0,1,0,1,1,1,1,0,0,1,1,1,0,0,1,0,1,1,0,0,0,0,1,1,1,0,1,0,1,1,1,0,1,1,1,1,0,1,0,0,0,1,0,1,1,0,0,1,0,0,1,1,0,1,1,0,0,1,0,0,1,1,0.0351156372861074,-0.0713612927482246,-0.0728777441348876,0.0961313747919358,0.0506491822456227,-0.0357607008254132,2.24327087868005,6.85607875697315
0,1,0,0,0,1,1,1,1,0,1,0,1,1,0,0,0,1,1,1,1,0,0,1,0,0,0,0,0,0,1,0,1,0,0,1,1,0,0,1,0,1,0,0,0,0,0,0,1,1,0,1,0,0,0,0,0,0,0,0,1,1,1,0,0,1,0,1,1,1,0,1,0,0,1,0,1,0,0,0,0,1,1,1,0,1,1,0,0,0,1,1,0,0,1,0,0,1,1,1,1,0.0562907177857362,-0.0465938639600158,-0.0983046610820499,-0.121790090643583,0.091326384244196,-0.0375131291533622,3.71127378195524,-8.68086124304682
1,1,1,1,0,0,1,1,1,1,1,0,1,1,0,1,0,0,1,1,1,0,1,1,0,0,0,1,0,0,0,1,1,0,1,1,1,0,0,1,0,1,0,1,1,0,0,0,1,1,1,0,1,0,1,0,1,1,0,0,0,1,1,0,0,1,0,0,1,1,1,1,0,1,1,1,0,0,0,0,0,0,1,0,1,1,1,0,0,1,1,1,0,0,0,0,1,1,1,1,1,-0.00659284831764852,-0.0860280350960375,0.017105642165058,0.00728652960433589,-0.0888040431559591,-0.0132098419541926,-0.648249555379152,0.52179210819304
0,1,1,1,0,0,0,0,1,1,1,0,0,0,1,0,1,1,0,1,1,0,1,0,1,1,0,1,1,1,1,0,0,0,0,1,1,1,0,0,1,1,0,1,1,0,0,0,1,1,1,1,0,1,0,1,1,0,0,0,0,1,0,1,1,0,1,1,0,1,0,0,0,1,1,0,1,0,0,1,1,0,1,1,1,1,1,0,0,1,1,0,1,1,1,0,0,1,0,1,1,0.140810802295582,0.168471872030829,0.180746920089294,-0.0350505031510319,-0.0796886602338028,0.0851296374052328,9.57079008687288,-2.4966711550951
0,0,0,0,0,0,1,1,1,0,1,0,1,0,0,0,1,1,1,0,0,0,0,0,0,0,1,0,0,0,1,0,0,1,1,0,1,0,0,0,0,0,0,1,1,1,0,0,0,1,1,1,0,1,0,1,1,1,0,0,0,0,1,0,0,1,0,1,1,1,0,0,0,1,1,0,0,0,1,0,0,1,1,1,0,0,0,1,0,1,1,1,0,0,0,0,1,1,0,1,1,0.00117453247111371,-0.0867260368948662,-0.000963106932700674,0.0467165435029596,-0.0534250076846996,-0.0866425026607382,-0.109761045314372,3.33299640566111
1,1,0,0,0,1,0,0,0,1,1,1,0,1,0,0,1,1,1,1,1,0,0,0,1,1,1,1,0,1,1,0,0,0,0,1,1,1,0,1,1,0,0,1,1,1,0,0,1,1,1,1,1,1,1,1,1,1,0,0,0,0,1,1,1,1,1,1,1,1,1,1,0,0,1,0,0,1,0,0,0,0,1,1,1,1,1,0,0,0,1,1,1,0,0,0,0,1,0,0,1,0.13217632120975,0.137977599216649,0.112512472440613,-0.0565133913028757,-0.0564357353275714,0.113685139171459,8.97218819241971,-4.02689033187926
0,0,0,1,0,0,0,1,1,0,0,0,0,1,1,1,0,1,1,1,0,0,1,1,0,0,1,0,0,1,1,0,1,0,1,0,1,0,0,1,1,0,0,0,1,0,0,1,1,0,0,0,0,0,0,0,1,1,0,0,1,0,1,1,1,1,0,0,1,0,1,1,1,1,1,0,0,0,1,0,1,0,0,0,1,0,0,1,0,1,1,0,1,1,1,1,1,1,1,1,1,0.124823863858799,0.113540055723184,0.0630325400173248,0.0844215917261297,0.0199792934542849,-0.0691791819610062,8.46246504224837,6.02121746167541
1,1,1,1,0,0,1,1,1,0,0,0,0,1,0,1,0,0,1,1,1,0,1,1,0,0,0,0,0,1,0,1,1,0,1,1,1,0,1,1,1,0,1,1,1,1,0,0,1,1,1,1,0,0,0,1,1,0,1,0,1,0,1,1,1,0,0,1,1,0,0,1,0,1,1,0,0,0,1,1,1,1,0,1,1,1,0,0,0,1,1,0,1,0,0,0,1,1,1,1,1,0.122398215372239,0.10578639943687,0.0483675133894253,0.0631011189120031,-0.0262805980765578,-0.093586804602593,8.2943023275584,4.50115193612874
1,0,0,0,0,0,0,1,1,1,1,1,0,0,1,0,1,0,1,0,1,1,0,1,0,0,1,0,0,1,0,1,0,0,1,0,1,0,0,1,0,0,0,1,1,0,0,0,0,0,1,0,1,1,0,1,0,1,0,0,1,0,1,0,0,1,0,0,1,1,0,0,1,1,1,1,1,0,0,0,1,0,0,1,1,1,0,1,1,0,1,1,1,0,1,1,1,1,0,1,1,0.0481319172363973,-0.0575182364429023,-0.0912028850525127,0.0724686418908141,-0.00747902300897532,-0.0881128468013487,3.14564934931695,5.16901933588088
0,1,1,1,1,0,0,1,1,0,1,1,1,0,0,1,0,1,1,1,1,0,1,0,1,0,0,0,0,0,0,0,1,0,0,0,1,0,1,1,1,1,1,0,1,0,0,0,1,1,1,0,0,0,0,1,1,0,0,0,0,0,1,1,0,0,0,0,0,1,0,0,0,1,1,1,0,0,1,0,1,1,1,1,1,1,1,0,0,1,1,1,1,0,0,0,0,0,1,0,1,-0.139205013447135,0.168049713379803,-0.18471864615944,-0.0444131107472273,-0.071086684814309,0.100550240990808,-9.84184121247381,-3.16418810747564
0,1,0,0,0,0,0,1,1,1,1,0,1,1,1,0,0,0,1,1,1,0,0,1,0,1,1,1,0,1,1,0,0,0,0,0,1,1,0,0,0,1,1,0,1,0,0,1,1,1,0,1,0,1,1,1,1,0,0,1,0,0,1,0,0,0,1,1,1,0,1,1,0,1,1,0,1,0,0,1,1,1,0,1,1,0,0,0,0,0,1,1,0,1,1,0,0,1,0,1,1,-0.0350612636249306,-0.0700508466313137,0.07501084790089,0.136177178469114,0.183736706657116,0.216850261458686,-2.62187682557851,9.71118643414229
1,0,1,0,0,0,1,1,1,1,1,0,0,0,0,0,0,0,1,0,1,0,1,0,1,0,0,1,0,1,1,0,1,1,1,1,1,1,0,1,0,0,0,1,0,1,0,0,1,1,1,0,0,1,0,1,1,0,0,0,0,1,1,1,0,1,0,1,1,0,0,1,0,0,0,0,1,0,1,0,1,0,0,0,1,0,0,0,0,1,1,1,0,1,1,0,1,0,0,0,1,-0.0848106207883133,0.00848827228140116,0.0826596131830044,0.104285540032986,0.0742102155813818,-0.00273954171509632,-6.07084603980184,7.43743854109198
0,1,0,0,0,1,1,0,1,1,1,0,0,1,0,0,1,1,1,1,1,0,1,0,0,0,0,1,0,0,1,0,0,0,0,0,1,0,1,1,1,0,1,1,1,0,1,0,1,0,0,1,0,0,0,1,1,1,1,1,0,0,0,1,0,1,0,1,0,0,1,1,1,0,1,0,1,0,0,1,1,1,1,1,0,0,0,1,0,0,1,0,0,1,0,0,1,1,1,1,1,-0.079351125739448,-0.00327599384749315,0.0909013193315181,0.0890001183863065,0.0315269614488763,-0.0579755411002436,-5.69235611706972,6.34764833375812
1,0,0,1,0,1,1,0,1,1,1,0,0,1,0,0,0,1,1,0,0,0,0,1,0,0,0,1,1,0,0,1,1,0,1,0,0,0,0,1,0,0,0,1,1,0,0,0,1,0,0,0,0,0,0,0,1,0,0,0,1,0,1,0,0,0,0,1,1,0,1,1,1,0,0,0,0,0,1,0,1,1,0,1,1,1,1,1,1,1,1,1,1,1,0,0,1,1,1,0,1,0.0642252024593524,-0.0343088033442557,-0.101279821803547,0.0773541564608018,0.00327417363671086,-0.0820940365970397,4.26134708803147,5.51733723375946
0,1,0,1,0,1,1,0,0,1,1,0,1,1,0,0,0,1,1,1,0,0,0,0,1,0,1,0,0,0,0,1,1,0,1,0,1,0,0,1,0,0,0,0,1,1,0,1,1,0,1,0,0,0,0,1,1,0,0,0,1,0,0,0,1,1,1,1,0,1,0,0,1,0,1,0,0,0,1,0,0,1,1,0,0,1,1,1,1,0,1,1,0,1,0,0,0,1,0,1,1,-0.058293205750051,-0.0413883735974334,0.0993090456094359,-0.128276576316356,0.112343091410221,-0.081013393623764,-4.23247558996081,-9.14332205895334
1,0,0,1,1,0,0,0,1,1,0,1,1,1,0,1,0,0,1,0,1,0,0,1,0,0,0,0,0,1,0,1,0,0,0,1,1,0,1,0,1,1,0,1,1,0,0,0,1,1,1,1,1,1,1,1,1,1,1,0,1,0,1,0,0,1,0,0,1,1,1,1,1,0,1,1,1,0,1,0,0,1,0,1,0,0,1,0,1,1,1,1,0,0,0,1,1,1,1,1,1,-0.0383573177905402,-0.0668390953176785,0.0801018236862246,-0.12125650018581,0.0896484785631314,-0.0342136320771653,-2.85038207657635,-8.6428183503449
1,1,0,1,1,1,1,0,1,1,1,0,1,1,1,1,1,1,1,1,1,0,1,1,0,0,1,1,0,1,0,0,1,0,0,0,1,1,1,0,0,0,0,1,1,0,0,0,1,1,1,0,1,0,1,1,1,0,0,0,0,0,0,1,1,0,0,1,1,1,1,1,0,0,1,1,0,0,1,1,1,1,0,1,1,1,1,0,1,1,0,0,1,1,1,1,1,0,1,0,1,-0.11009261609687,0.0730766333084908,0.00447093774979019,0.104405329118249,0.0745698257124477,-0.00219071733667195,-7.8235686570406,7.44597902987152
0,1,1,0,1,1,0,1,1,1,1,0,0,1,1,0,1,1,1,1,0,0,1,1,0,0,0,1,0,1,0,1,1,0,0,0,1,1,0,1,0,1,0,0,0,0,0,0,0,0,1,1,0,0,1,0,1,0,0,0,0,1,1,1,0,1,1,0,1,1,1,1,1,1,0,0,0,0,0,1,1,1,1,1,1,1,1,0,1,1,0,0,1,0,0,0,1,0,1,1,1,-0.0359218352384482,-0.0692395497163293,0.0763837736310579,-0.0206895474226712,-0.0882472563975384,0.0550675793446927,-2.68153759650886,-1.47279171738774
1,0,0,0,0,0,1,1,1,1,1,0,0,1,0,0,1,0,1,1,1,0,1,1,0,1,0,1,0,1,1,0,0,0,1,1,1,0,0,1,1,1,0,0,1,1,0,0,1,0,1,0,0,1,0,1,1,0,1,0,0,1,0,0,0,1,1,1,1,0,1,0,0,1,1,0,1,0,0,0,0,0,1,0,1,0,1,0,1,0,1,1,1,1,1,0,0,1,0,1,1,-0.0327816866244642,-0.0721067840644214,0.071232203244602,-0.00730803076377949,-0.0911709002344419,0.0228990718661825,-2.46384079568088,-0.518742417916656
1,0,1,1,0,1,0,0,1,1,1,0,1,1,1,1,1,1,1,1,0,1,1,0,0,0,0,0,0,1,0,0,0,1,1,0,1,0,1,0,1,0,0,1,1,1,0,0,0,0,0,0,0,1,0,1,1,0,0,1,1,0,1,0,0,1,0,0,1,0,1,1,0,1,0,0,1,0,0,0,1,0,0,0,1,1,1,1,0,1,1,0,0,1,0,0,1,1,0,1,1,-0.0783045299014704,-0.00544265064743513,0.0921708370644271,-0.138467832918624,0.147676203456645,-0.16261504015343,-5.619798861444,-9.86991841346025
0,1,1,1,0,0,1,1,1,1,1,1,1,1,0,0,1,1,1,1,1,0,1,1,0,0,0,0,0,1,0,0,1,0,1,0,0,1,1,0,0,1,0,1,1,0,1,0,0,1,0,1,1,0,1,1,0,1,1,0,0,0,0,1,0,1,0,1,1,1,1,0,0,0,1,0,0,0,1,0,1,1,1,1,0,1,0,0,1,1,1,0,0,0,0,0,0,0,0,1,1,-0.0106568080723459,-0.0850373739727644,0.0263896143885469,-0.035334665666747,-0.0794626850317922,0.0856539473079222,-0.929991328157485,-2.51693082042038
1,0,0,1,0,0,0,0,1,1,1,0,0,1,0,0,1,0,1,1,1,0,1,0,1,0,0,0,0,1,0,0,0,1,1,0,1,1,0,0,0,0,0,1,1,1,1,1,1,1,1,1,0,1,0,1,1,0,1,0,0,1,0,0,1,0,0,1,1,1,0,1,0,1,1,0,1,0,0,0,1,0,0,0,1,0,1,0,0,1,1,1,1,0,1,1,0,1,1,1,1,0.00127915059826125,-0.0867247252778077,-0.00120755451431573,0.0982162124025647,0.0565010400863517,-0.0281154323843664,-0.102508193813264,7.00471944641322
1,1,1,0,0,0,1,0,1,1,1,0,1,0,0,0,1,1,1,1,0,0,1,1,0,0,0,1,0,1,0,0,1,1,0,1,1,1,1,0,0,1,0,1,1,0,0,0,1,0,1,0,0,0,0,1,1,0,1,0,0,1,0,1,0,0,0,0,1,1,1,0,1,0,1,0,0,0,1,0,0,0,1,0,0,0,1,0,0,0,1,1,0,0,0,0,1,0,0,1,1,0.098173102819971,0.0367484319673576,-0.0570160234062321,0.086766313684513,0.0258217353508739,-0.0637304396812125,6.61485012620687,6.18838687893003
1,1,1,1,0,0,0,1,1,1,1,0,0,1,0,1,1,1,1,0,1,0,1,0,0,0,0,1,1,1,0,0,1,0,1,1,1,1,1,1,1,1,1,0,1,1,0,1,0,1,1,1,0,1,1,1,1,1,0,0,0,1,1,1,0,1,0,1,1,1,1,1,1,0,0,0,1,0,0,1,1,0,0,1,1,0,1,0,0,0,1,0,1,1,1,0,0,1,0,1,1,0.0771705790443436,-0.0107492354307237,-0.0963537867905203,0.12679615219791,0.148645813618162,0.135973891460737,5.15881004743278,9.04235630296171
1,1,0,0,0,0,1,0,1,1,1,0,1,1,1,0,0,0,1,1,1,1,1,0,0,0,0,1,0,0,0,0,1,0,1,1,0,0,0,1,1,0,1,0,1,0,0,0,1,1,1,1,0,0,0,0,1,1,0,0,0,0,0,0,0,1,0,0,1,1,0,0,0,0,0,1,1,0,0,0,1,1,1,0,1,1,1,0,0,1,1,0,0,0,0,0,1,1,1,1,1,-0.0463824144633694,-0.0578374190262319,0.090425583672369,-0.060124499041215,-0.0512914528595347,0.115828688577893,-3.40673723258078,-4.28434805478901
1,1,0,1,0,0,0,1,1,1,0,1,0,1,0,1,0,0,1,1,1,1,1,0,1,0,1,1,1,1,1,0,0,1,0,1,1,1,0,0,0,0,0,1,0,0,1,0,1,1,1,0,0,1,0,1,1,0,0,1,0,1,1,0,1,1,0,0,1,0,1,1,1,1,1,0,1,0,0,1,1,0,1,1,1,0,0,0,0,0,1,1,1,1,1,1,0,1,0,1,1,0.00643093486988464,-0.0863078767385755,-0.0132150916377489,0.043698273571021,-0.0576285506211061,-0.0834163054522544,0.254649091511965,3.11780567746609
0,0,0,0,1,0,1,0,1,1,0,0,1,1,0,0,1,1,1,1,1,0,0,1,0,0,0,0,0,0,0,0,1,0,1,1,1,1,0,1,0,0,0,1,1,0,0,0,0,0,1,1,0,0,1,1,1,0,0,0,0,1,0,0,0,1,0,0,1,1,1,1,1,1,1,1,1,0,1,0,1,1,1,1,1,1,1,0,1,1,1,1,0,0,0,0,1,1,1,0,1,-0.130576639425617,0.137602340036155,-0.116076703767743,-0.00959426588690523,-0.0910165443165544,0.0285465807965416,-9.24366270191967,-0.681741954758763
1,1,0,1,1,0,1,1,1,1,0,0,0,1,1,0,1,1,1,1,1,0,1,0,0,0,1,1,1,0,0,1,1,0,1,0,1,1,1,0,1,1,0,1,0,0,1,0,1,0,0,0,0,0,0,1,1,0,0,0,0,1,1,0,0,1,0,0,1,1,1,0,1,1,1,0,1,0,1,1,0,1,1,1,1,0,0,0,0,1,0,1,1,0,0,0,1,0,1,0,1,0.0274982585064484,-0.0774179637907737,-0.059005208309682,-0.0823732691438756,-0.01176795069894,0.106539988471975,1.7151815444231,-5.87059751152992
0,0,1,0,1,0,0,0,1,0,1,1,1,1,0,1,1,1,1,1,1,1,1,0,0,0,1,1,0,0,0,1,1,0,1,1,1,0,1,1,0,0,0,1,1,1,0,0,0,0,1,0,1,1,0,1,1,0,0,1,1,0,0,0,0,1,1,0,1,1,0,1,1,0,1,1,1,0,0,0,1,0,0,1,1,1,0,1,0,0,1,0,0,1,1,0,1,1,1,1,1,0.0110059139999586,-0.0853588387352054,-0.0237477144402837,0.0470706850704774,-0.0529155444671873,-0.0869852643147836,0.571818258613348,3.35824530106038
0,0,1,0,0,0,1,0,1,0,1,0,1,0,0,1,1,0,1,0,1,0,1,0,1,0,0,0,1,1,1,0,0,1,0,1,1,0,1,0,0,1,1,1,1,1,0,0,0,1,0,0,0,1,0,1,0,0,0,1,0,1,1,0,0,1,0,0,1,1,0,1,0,1,1,0,1,0,0,0,0,1,0,1,1,0,1,0,0,1,1,0,1,1,1,0,1,1,1,0,1,0.0484238435216877,-0.05715723040996,-0.0915209544241798,-0.040856734303201,-0.0746350993807139,0.0951666432439461,3.16588769666851,-2.91063250973821
1,1,0,1,0,1,1,1,1,1,1,0,1,1,1,0,1,1,0,1,1,0,1,1,0,0,1,0,1,1,0,1,0,1,1,0,1,1,0,0,1,1,1,1,1,1,1,1,1,1,1,0,0,1,0,1,1,0,0,0,0,1,0,0,0,0,0,1,1,1,0,1,0,0,1,0,1,0,1,1,1,0,1,1,1,1,1,0,1,1,1,1,1,1,1,1,0,1,0,1,1,-0.110838490351193,0.0752346660599621,0.00105092370921586,-0.113405496252259,0.0658562325388182,0.00963301541989976,-7.87527781445533,-8.08307277038693
1,1,0,1,0,0,1,1,1,1,1,0,0,1,0,1,1,0,0,1,1,0,1,1,1,1,0,1,1,1,1,0,1,0,0,0,1,1,1,0,0,1,1,1,1,1,1,0,0,1,1,1,0,1,0,1,1,0,0,0,0,1,1,0,0,1,0,1,1,1,1,1,0,1,1,0,0,1,0,0,0,1,1,1,1,0,1,0,1,0,1,0,1,1,1,1,1,1,0,1,1,-0.0495149060904791,-0.0538690826327505,0.0935645612414676,-0.0946973505486283,0.0159224402190313,0.0813968439583633,-3.62390319816768,-6.74925585277379
0,1,1,0,1,1,1,1,1,0,1,0,1,0,1,1,0,1,1,0,0,0,1,0,0,0,0,1,0,0,1,1,1,0,1,0,1,0,0,1,1,0,0,0,1,1,0,0,1,1,1,0,0,0,0,0,0,0,0,0,1,1,1,0,0,1,0,0,1,1,0,1,0,1,1,0,0,0,0,0,1,0,1,0,1,1,0,0,1,0,0,1,1,0,1,1,1,1,1,1,1,0.0935004837406362,0.0251886327148672,-0.0695374336916271,-0.0648956085347524,-0.0439505052316332,0.117240594896469,6.29091188311577,-4.62450932245702
0,0,1,0,0,0,1,1,1,1,1,0,1,1,0,0,1,0,1,1,1,0,0,1,0,0,0,0,0,0,1,1,0,0,1,1,1,0,0,1,1,1,1,1,1,0,0,0,1,0,0,1,0,1,0,1,1,0,1,0,1,0,1,0,0,0,1,0,0,1,1,0,0,1,1,1,1,0,0,0,0,0,0,0,0,0,1,0,1,0,1,0,1,1,0,1,1,1,0,0,1,0.000419290437820702,-0.0867270579588198,0.000801562340193754,0.0458175087363278,-0.0547030170110984,-0.0857381176152,-0.162119641900063,3.26889877673239
1,0,1,1,0,0,0,1,1,0,0,0,1,1,1,1,0,1,1,1,0,0,0,0,0,0,1,0,1,0,1,1,1,0,1,1,0,0,0,1,0,0,0,1,1,1,0,0,0,0,1,1,1,0,0,1,1,0,0,0,0,0,1,0,0,0,0,1,1,1,1,1,1,1,1,1,0,0,0,0,0,0,1,0,1,0,1,0,1,1,1,0,1,1,0,0,1,1,1,1,1,-0.0607903285376313,-0.0374717834523944,0.100045912778811,0.0737433615753517,-0.00473594578729338,-0.0867616172485404,-4.4055933970958,5.25990181602538
0,1,0,1,0,0,1,0,1,0,1,0,1,1,0,1,0,0,1,1,1,0,1,1,1,0,0,1,1,0,1,0,1,0,1,1,1,1,0,0,0,0,1,0,1,1,0,1,1,1,1,1,0,1,0,1,1,0,0,0,0,1,0,0,0,1,0,1,1,1,0,1,0,1,1,0,0,0,0,1,1,0,1,1,1,0,0,0,0,1,1,1,0,1,0,0,0,1,0,1,1,-0.0424974727458105,-0.0624043490180013,0.0858168175462932,0.0518001315724825,-0.0457846913170147,-0.0908025471890345,-3.13740622717887,3.69543616194278
0,0,1,0,0,1,0,1,1,1,1,0,1,1,0,0,0,1,1,1,0,0,1,1,0,0,1,0,0,0,1,1,0,0,0,1,0,0,1,1,1,0,0,0,0,1,0,0,0,0,1,1,0,0,0,1,1,1,0,1,1,0,0,1,1,0,0,0,1,1,1,1,0,1,0,0,0,0,1,1,1,1,1,1,0,1,1,0,0,1,1,0,0,0,1,0,1,1,0,1,1,-0.116038395772125,0.0906816963503947,-0.0247442490849634,0.0616509785630839,-0.0289777302280393,-0.0937719771849964,-8.23577119037509,4.39776265528053
1,1,0,0,0,1,1,1,1,1,1,0,1,1,0,0,1,0,0,1,1,0,1,0,1,0,1,0,0,1,0,0,0,1,1,0,1,0,0,0,0,0,0,1,1,1,1,1,0,1,1,0,1,1,1,1,1,1,0,0,0,1,1,1,0,1,0,0,0,0,1,0,0,1,1,0,0,0,0,0,1,1,1,0,0,0,0,0,0,1,0,0,1,1,1,1,0,0,0,1,1,0.0499349999490461,-0.0552530387497438,-0.0930947677423897,-0.0748468903160591,-0.0266457667379981,0.114431486788631,3.27065150253475,-5.33399641979486
1,1,0,1,1,0,0,1,1,1,0,0,1,1,0,0,0,1,1,1,0,0,1,0,0,0,0,1,0,0,1,1,1,1,1,1,1,0,0,1,1,0,0,1,1,0,0,0,1,0,1,1,0,0,1,1,1,0,0,0,1,1,1,0,0,0,0,1,1,1,0,1,0,1,1,0,1,0,1,0,1,1,1,1,0,0,1,0,0,0,1,1,1,0,0,1,1,0,1,1,1,0.0151786454055881,-0.0840184206890946,-0.0331529500899486,-0.0873749765584305,-0.00102818383624644,0.0982594575663816,0.86110083386302,-6.22719950042665
1,1,0,0,0,0,0,1,1,1,1,0,0,0,0,0,1,0,1,1,1,1,1,0,1,0,0,1,0,1,1,0,1,1,1,1,0,0,0,0,0,1,1,0,1,1,1,0,1,1,1,1,0,0,0,1,1,0,0,1,0,1,0,0,0,1,1,0,0,0,0,0,0,0,1,0,1,1,0,1,1,0,1,0,1,0,1,0,0,1,1,0,1,1,1,0,1,1,1,0,1,-0.108510740750035,0.0685477033134007,0.0114968482305056,-0.081271017550086,-0.0140431813588721,0.108029941586387,-7.71390212699771,-5.79201132524759
0,1,0,1,0,0,1,1,1,1,1,0,0,1,1,0,0,1,1,0,1,0,0,1,1,1,1,1,0,1,1,1,1,1,1,0,0,1,1,1,0,0,0,0,0,1,0,0,1,1,1,0,0,1,0,1,1,0,0,0,0,1,0,1,1,1,0,0,0,0,0,0,0,1,0,0,1,0,1,1,0,0,1,1,1,0,1,0,0,1,1,1,1,1,1,1,1,0,0,1,1,0.101027281150104,0.0440889626030042,-0.0482110415836966,0.122852680457569,0.134609720919509,0.106228044794136,6.81272149085999,8.76120233908296
0,0,0,1,0,0,1,1,1,1,1,1,1,1,0,0,0,0,0,0,1,0,1,0,1,1,1,1,1,1,1,1,0,1,1,0,0,0,0,1,0,0,1,1,1,1,0,0,0,1,0,0,1,1,0,1,1,0,0,0,0,1,0,1,0,1,0,1,1,1,1,1,1,1,1,0,0,0,0,0,0,1,1,1,1,0,1,0,1,1,1,1,0,1,0,0,0,1,0,0,1,-0.0995148391501418,0.0440301332830394,0.0457766119324119,-0.059795305172966,-0.0517751134970538,0.115670515498453,-7.09024406503886,-4.26087783183903
1,1,0,1,1,0,0,1,1,1,1,0,1,0,0,1,1,1,1,1,1,0,1,1,0,0,0,0,0,0,0,1,1,0,1,1,1,1,0,1,0,1,0,0,1,0,0,0,1,1,1,0,0,0,0,1,1,0,0,0,1,1,1,0,0,1,0,0,1,1,1,0,1,0,0,1,1,0,1,0,1,1,1,0,1,0,1,0,1,1,1,1,0,0,0,0,0,1,1,1,1,0.0175135701910413,-0.0830707084673811,-0.03830072216637,-0.0238668963214097,-0.0868371723427064,0.0622374102267426,1.02297395467758,-1.69932414777577
1,0,0,0,0,0,0,0,1,1,1,1,0,0,0,1,0,1,1,1,1,0,1,1,0,0,0,0,0,0,0,0,1,0,1,0,1,1,0,1,0,0,1,0,1,0,0,0,1,1,0,0,0,0,0,1,1,0,0,0,1,0,1,1,0,1,0,0,1,1,0,0,1,1,1,0,1,0,1,0,1,1,1,1,0,1,1,0,1,1,1,1,1,0,1,0,0,1,0,0,1,0.0185809026830752,-0.0825902565048139,-0.0406212378349016,-0.0356036404483135,-0.0792467632249865,0.0861472572762264,1.09696881845593,-2.53610766027123
1,0,0,0,0,1,1,0,1,1,1,0,1,0,0,0,0,1,1,0,1,0,1,0,1,0,0,1,1,1,1,0,1,1,0,0,1,0,1,0,1,1,1,0,0,1,0,0,0,1,0,0,0,1,0,1,0,0,1,0,0,1,0,1,0,1,0,0,1,1,0,1,0,1,1,0,1,0,0,1,1,0,1,1,1,0,1,0,0,0,1,1,1,1,1,1,1,1,0,1,1,-0.00451960439692119,-0.0863679094084162,0.0123110084501863,0.0122431453817606,-0.0866816310977428,-0.0250613594119751,-0.504517960362136,0.875179241411388
1,1,0,0,0,0,0,1,0,1,1,0,1,1,1,0,0,0,1,1,0,0,1,0,0,0,0,1,0,0,1,1,1,0,1,0,1,0,0,1,1,1,1,1,1,0,0,0,1,1,1,0,0,0,0,1,1,1,0,0,1,1,0,1,1,0,0,0,1,1,0,0,1,1,0,0,0,0,0,1,1,1,1,1,0,0,1,1,1,0,1,0,1,0,0,1,0,0,1,1,1,-0.0295947391483015,-0.0747544513297702,0.0656246491231924,-0.0161905222332887,-0.0897739724059031,0.044544934025429,-2.24289957433939,-1.15202898625284
0,0,0,0,0,1,1,1,0,1,1,0,1,1,0,1,0,0,0,0,1,0,1,0,1,0,0,1,1,1,1,0,1,0,1,0,1,0,1,0,0,1,1,0,1,1,0,0,1,1,1,0,0,1,1,1,0,0,0,1,0,1,0,0,1,1,0,1,1,0,0,1,0,1,1,0,1,0,0,0,0,0,1,0,1,1,1,0,0,0,0,0,1,1,1,0,1,0,0,1,1,0.092336445215843,0.0223972450833515,-0.0723019672236833,-0.0167691871506747,-0.0896084735520032,0.0459193829460911,6.21021268889308,-1.19328550994396
1,1,0,1,0,0,1,1,1,1,0,0,0,0,0,0,0,1,1,0,1,1,1,1,0,0,1,0,0,1,1,1,1,0,0,0,0,0,0,0,1,1,1,0,0,1,0,0,1,1,1,1,0,1,0,1,1,0,0,1,0,1,0,1,1,0,1,0,1,0,0,0,0,1,0,0,1,0,0,1,1,0,1,0,0,1,1,0,0,0,0,1,0,1,1,0,0,1,0,1,1,0.0222661351156214,-0.0807035466149484,-0.0484530290636701,0.102302170803245,0.0683128440682193,-0.0115530415718787,1.3524545961991,7.29603214655071
1,1,0,1,1,0,1,0,1,1,1,0,1,1,0,0,1,1,0,0,0,0,1,1,1,0,0,1,0,1,1,1,0,1,1,1,0,1,0,1,0,0,1,1,1,1,0,0,1,0,1,1,0,1,0,1,1,0,0,0,0,1,0,1,1,0,0,1,0,1,0,1,0,1,1,0,0,0,1,0,1,0,0,1,1,0,1,1,0,0,1,1,1,1,1,1,0,1,0,0,1,-0.0790080360906534,-0.00398939583209734,0.0913282297437326,-0.0317263702734083,-0.0821689149314682,0.0787658057468912,-5.66857077181339,-2.25967360660434
0,0,0,1,0,0,1,1,1,1,1,1,0,0,0,1,1,0,1,1,1,0,0,0,1,1,0,0,1,1,1,0,0,1,0,1,1,0,0,1,0,0,0,1,1,0,0,0,0,1,1,0,0,1,0,1,1,1,0,1,0,1,0,0,1,1,1,1,1,1,1,1,0,1,1,0,0,0,0,0,1,0,1,1,1,0,1,1,1,1,1,1,0,1,0,1,0,1,0,1,1,-0.0128243009199968,-0.0843333130609727,0.0312583634722752,0.0235583708587376,-0.0793312458422884,-0.0501679288032452,-1.08025691006333,1.68191013857722
1,1,0,0,1,0,1,1,1,1,1,0,0,1,0,0,0,0,0,1,1,0,0,0,1,0,0,1,1,0,1,0,1,0,1,0,1,1,1,0,0,1,0,1,1,1,0,0,0,1,0,0,0,1,0,1,1,0,1,1,0,1,0,0,0,0,1,1,0,0,1,1,0,0,1,0,1,0,0,0,1,1,1,1,0,0,0,0,1,1,1,1,1,1,1,0,0,0,0,0,1,0.122419800436776,0.105854721707717,0.0484944773943849,0.119829249693921,0.12413495941933,0.0850559382574068,8.29579875338823,8.54564366396517
1,0,1,1,0,0,0,1,0,1,0,0,1,0,1,0,0,0,1,1,0,0,0,1,0,0,1,0,0,1,0,0,0,0,1,1,0,1,0,1,1,0,1,0,1,1,1,0,1,0,1,0,0,1,0,1,0,0,0,0,0,0,1,0,0,1,0,1,1,0,0,1,0,0,1,1,1,0,1,0,1,1,0,1,1,0,1,0,1,1,1,0,1,0,0,0,1,0,1,1,1,-0.130365581953542,0.136881839448806,-0.114537368967922,0.0112318681424389,-0.0871689456079374,-0.0226754800026656,-9.22903073951602,0.803079167380929
0,0,0,0,0,0,0,0,1,1,0,0,0,1,1,1,0,1,1,0,1,0,0,1,1,0,0,1,1,1,0,0,1,0,1,0,1,1,0,0,1,0,0,1,1,0,0,0,1,1,1,1,0,0,0,1,0,1,1,1,0,0,1,1,0,0,0,0,1,1,0,1,1,1,1,0,0,0,1,0,1,1,1,1,0,0,1,0,1,0,0,1,0,0,0,0,0,1,1,1,1,-0.0979443012433445,0.0399656355760673,0.0508089496699007,0.0953565569259966,0.0485045212316289,-0.0384664333133067,-6.98136352468282,6.80083730258048
1,0,0,0,0,0,1,0,1,0,1,0,1,0,0,1,1,0,1,0,1,1,1,1,0,0,0,0,0,0,0,0,1,0,1,1,1,1,1,1,1,0,0,0,1,1,0,0,1,0,1,0,0,0,0,0,1,0,0,0,0,0,0,0,0,1,0,0,1,0,1,0,0,1,1,0,1,0,1,0,0,1,1,1,1,1,1,1,1,0,1,0,1,0,1,0,0,1,1,1,1,-0.13514427638949,0.153479112767112,-0.151008544579379,0.0967724438023827,0.0524359828437265,-0.0334667558166222,-9.56032285932451,6.90178444609046
0,1,0,1,0,0,0,1,1,1,1,0,0,1,1,0,0,1,1,0,1,0,1,0,0,0,0,0,0,1,0,1,1,0,1,1,1,1,1,1,1,0,0,1,0,1,0,0,1,1,1,1,0,0,0,1,1,0,0,1,1,0,1,0,0,0,0,1,1,1,1,1,0,0,1,1,0,0,1,0,0,0,1,1,1,0,1,0,0,0,0,1,1,1,0,1,1,1,0,0,1,-0.067995324744943,-0.0252618503853096,0.0997044112624102,0.0213735352104868,-0.0810219466900235,-0.0455889489456666,-4.90509352181107,1.52613998390734
1,1,0,1,1,0,1,0,1,0,0,0,1,0,1,0,0,0,0,0,1,0,1,1,0,0,1,1,0,0,1,0,1,0,0,1,1,1,1,1,0,1,0,1,0,0,0,0,0,1,1,0,0,0,0,1,0,0,0,1,0,1,1,0,0,1,0,1,0,1,0,1,0,1,1,0,0,0,0,0,0,1,1,1,1,0,0,0,0,0,1,1,0,0,1,1,0,1,0,0,1,0.0970027063549906,0.0337996159275514,-0.0603699863794618,-0.0205384795145591,-0.0883074576231712,0.0547208465669635,6.53371015563607,-1.46202117204666
1,0,0,0,1,0,0,1,0,1,1,0,1,1,0,0,1,1,1,1,1,1,1,0,1,0,0,0,0,1,0,1,1,0,1,1,0,0,0,0,1,0,0,1,1,1,0,0,1,1,0,0,0,0,0,1,1,0,0,0,0,0,0,0,0,0,0,1,0,0,1,1,1,0,1,1,1,0,0,0,0,0,1,1,1,1,1,1,1,1,1,0,1,0,0,0,1,0,0,1,1,0.0534126544604751,-0.0506452007380313,-0.0962368620950856,0.0933223511918132,0.0429516808005705,-0.0452261299772996,3.51174654439092,6.65580646600574
1,0,0,0,0,1,1,1,1,0,1,0,1,0,1,0,0,0,0,0,1,0,1,1,1,0,0,1,0,0,1,0,0,0,0,0,1,1,0,1,0,0,0,0,1,1,0,0,0,1,1,0,0,1,1,1,1,0,0,0,0,0,0,0,0,1,0,0,0,1,1,0,1,1,1,1,1,0,0,0,0,0,1,1,0,0,0,0,0,1,1,1,1,1,1,0,0,0,1,1,1,-0.0735812077671601,-0.0148663311217265,0.0967145978594572,0.037446689538561,-0.0655466119985755,-0.0751125286170467,-5.29234553221613,2.67209242098033
0,0,0,1,1,0,0,0,1,1,1,1,0,1,1,1,0,1,1,1,1,0,0,0,0,1,1,1,1,1,0,0,1,0,1,1,1,1,1,1,1,1,0,1,1,0,0,0,0,1,1,0,0,0,1,1,0,1,0,0,1,0,0,0,0,0,0,0,1,1,1,1,1,0,0,0,0,0,1,1,0,0,0,1,1,0,1,0,0,0,1,1,1,0,0,0,1,0,1,1,1,0.0161415822338989,-0.0836447641497724,-0.035287189146684,-0.111901807637081,0.0614907436232313,0.0170549605471553,0.927858268842101,-7.97586570959538
1,1,0,0,0,1,1,1,1,1,0,0,1,1,0,0,1,1,1,1,1,0,1,1,0,0,1,1,0,0,1,1,1,0,1,0,1,1,0,0,1,0,1,0,1,0,0,0,1,0,1,1,0,0,1,1,1,0,0,0,0,1,1,1,0,1,0,0,1,1,0,0,1,0,1,1,1,0,1,0,0,1,1,0,1,1,1,0,0,0,1,1,0,0,1,1,1,0,1,1,1,-0.0170693842556022,-0.082600286265319,0.0405740315434369,-0.0761983714287178,-0.024087768161748,0.113399658212702,-1.37455542106181,-5.43035168666393
0,1,0,1,0,1,0,0,1,1,1,0,0,1,0,1,0,1,1,0,1,0,1,0,1,0,0,1,1,0,1,1,0,1,0,0,0,1,0,1,1,1,0,1,1,1,0,0,0,1,1,1,0,1,0,1,1,0,0,0,0,1,1,0,0,1,0,1,1,1,0,0,0,0,0,0,1,1,0,1,1,0,0,0,0,0,0,0,0,1,1,1,0,1,1,0,1,1,0,1,1,0.0854470617376562,0.0065981003723869,-0.0858977513367623,0.133736347776625,0.174375983847897,0.194398601425744,5.73259301949292,9.53716484364122
1,1,1,0,0,0,0,0,1,0,0,0,0,1,0,1,0,1,1,1,0,1,0,1,0,1,0,1,0,0,0,0,1,0,0,1,1,1,0,0,0,1,0,0,0,1,0,0,0,0,1,0,0,0,1,1,1,1,0,0,0,0,0,0,1,1,0,0,1,1,0,0,1,1,1,0,1,0,0,1,1,1,0,0,0,1,1,0,1,0,1,0,1,0,1,0,1,1,0,1,1,-0.0958662826879372,0.0346864205516488,0.0570500726767045,0.00482763430270713,-0.0896088355448109,-0.00720760192740359,-6.83730091899633,0.346482582390308
1,1,0,0,0,0,1,1,1,0,1,0,1,0,0,1,0,0,1,1,1,0,1,1,0,0,0,0,0,1,0,1,1,0,1,0,0,1,0,1,0,1,1,0,1,0,0,0,0,1,0,0,1,0,0,1,1,0,0,0,0,1,1,1,0,1,0,1,1,0,1,1,0,0,0,1,0,0,0,0,1,1,0,1,1,1,0,0,1,0,1,1,0,1,0,0,1,0,1,1,1,-0.057173970364832,-0.0430911770871339,0.0988440331222008,-0.00447993247728766,-0.0911650374112874,0.0158747624705516,-4.15488245896995,-0.317110177129507
1,1,0,1,0,0,1,1,1,1,0,1,0,1,1,1,0,1,1,1,1,1,1,0,0,0,1,0,0,1,0,1,0,0,1,1,0,0,1,1,0,1,0,0,0,1,0,0,1,0,1,0,0,0,1,1,1,0,1,0,0,0,1,0,0,1,0,1,1,0,1,1,0,0,1,1,0,0,1,1,1,1,0,1,1,0,0,1,1,1,1,0,1,0,0,1,1,0,0,1,1,-0.0583950864755083,-0.0412317540487191,0.0993472882067919,-0.129165438661501,0.11531227303259,-0.0874731398061392,-4.23953866586089,-9.20669443439692
1,1,0,1,1,0,0,1,1,1,1,0,0,1,1,0,0,1,1,1,0,0,0,0,1,0,0,0,0,0,1,0,1,0,0,0,1,0,0,0,1,0,0,1,1,0,0,0,0,0,0,1,1,0,0,1,1,0,0,0,0,1,1,0,0,0,0,1,1,1,0,0,1,0,1,0,0,0,1,0,0,1,1,0,1,0,1,0,0,1,1,0,1,1,0,1,1,1,0,1,1,0.0458515688010187,-0.0602618914705403,-0.0885663264796948,0.0458153259506171,-0.0547060931509265,-0.0857358625626548,2.98755983822048,3.26874315273017
1,0,0,0,0,1,1,1,0,1,1,0,1,1,0,0,0,1,1,1,0,0,1,0,0,0,0,1,0,1,0,0,1,0,1,0,0,1,0,0,0,0,0,1,0,1,0,0,0,0,1,1,0,0,0,1,1,0,0,0,1,0,1,1,0,0,0,1,0,0,0,1,1,0,0,0,0,0,1,0,1,0,1,1,1,1,1,1,1,1,1,1,0,0,0,1,1,1,0,1,1,0.0427323883051491,-0.0637957219001243,-0.084541284795208,-0.00149208347201994,-0.0909224001922572,0.00843657609536097,2.77131669223309,-0.104088340885937
0,0,0,1,0,0,0,1,1,0,1,1,1,1,0,0,1,0,1,0,1,1,0,1,0,0,0,0,0,0,1,0,0,0,1,1,0,1,0,1,0,0,0,1,1,0,0,0,0,0,1,1,0,0,0,1,0,1,0,0,1,0,0,1,0,0,0,0,1,1,1,1,1,1,1,1,0,0,1,0,1,1,0,1,1,0,1,1,1,1,1,0,1,0,0,0,1,1,1,1,1,-0.0895226049452348,0.0192652361424805,0.0732614399649056,-0.121393471491374,0.090078453477893,-0.0350566361932141,-6.39751334208995,-8.65258386358619
1,0,1,1,1,0,1,1,0,0,1,0,0,1,1,0,1,1,1,1,1,0,0,0,0,0,0,0,0,0,1,1,0,0,1,1,1,1,0,1,0,0,0,1,0,1,0,0,0,1,0,0,0,1,0,1,1,0,0,1,1,0,1,1,0,0,0,1,1,1,1,1,0,1,0,1,0,0,1,0,1,0,0,1,0,0,0,0,1,1,1,0,0,1,0,0,1,1,0,1,1,0.00248647149137514,-0.0866889848005362,-0.00402795222469032,-0.134840928134111,0.134777767181981,-0.131653698889111,-0.0188083667308092,-9.61133442353457
1,0,0,1,0,1,0,1,1,1,1,0,0,1,0,0,1,0,1,0,1,0,0,0,1,0,0,0,1,1,1,0,0,0,1,0,1,0,1,1,1,1,0,0,0,1,0,0,1,1,1,0,0,1,0,1,1,0,0,1,1,1,0,0,0,0,0,0,1,0,0,1,0,0,1,0,1,0,0,0,1,0,1,0,1,0,1,0,0,0,1,1,1,1,0,1,1,1,0,0,1,-0.0447776977247356,-0.0597714367569373,0.088614734347129,0.0373434796970096,-0.0656684101437325,-0.0749583479258637,-3.29548717942089,2.66473396681249
